{
    "a0_Au": 4.178,
    "a0_Pt": 3.967,
    "a0_Rh": 3.837,
    "E_bulk_Au": -3.146,
    "E_bulk_Pt": -6.434,
    "E_bulk_Rh": -7.307,
    "surface_area_Au": 68.0268,
    "surface_area_Pt": 61.32923,
    "surface_area_Rh": 57.37553,
    "E_slab_Au": -78.83466,
    "E_slab_Pt": -161.86863,
    "E_slab_Rh": -182.8471,
    "gamma_Au": 0.04489,
    "gamma_Pt": 0.0966,
    "gamma_Rh": 0.12585,
    "E_mol_O2": -8.72755,
    "E_mol_CO": -14.02411,
    "entropy_O2": 0.00213,
    "entropy_CO": 0.00206,
    "E_combined_Au_O": -82.87546,
    "E_combined_Pt_O": -167.26736,
    "E_combined_Rh_O": -188.95676,
    "E_combined_Au_CO": -93.17067,
    "E_combined_Pt_CO": -177.65529,
    "E_combined_Rh_CO": -198.76025,
    "E_ads_Au_O": -0.32297499999999957,
    "E_ads_Au_CO": 0.3119000000000085,
    "E_ads_Pt_O": 1.0349549999999965,
    "E_ads_Pt_CO": 1.7625500000000045,
    "E_ads_Rh_O": 1.745884999999987,
    "E_ads_Rh_CO": 1.8890399999999943,
    "E_a_Au": 0.22332249999999731,
    "E_a_Pt": -0.6192515000000003,
    "E_a_Rh": -0.8704774999999945
}