{
    "a0_Au": 4.178,
    "a0_Pt": 3.967,
    "a0_Rh": 3.837,
    "E_bulk_Au": -3.146,
    "E_bulk_Pt": -6.434,
    "E_bulk_Rh": -7.307,
    "surface_area_Au": 68.0268,
    "surface_area_Pt": 61.32923,
    "surface_area_Rh": 57.37553,
    "E_slab_Au": -78.83466,
    "E_slab_Pt": -161.86863,
    "E_slab_Rh": -182.8471,
    "gamma_Au": 0.04489,
    "gamma_Pt": 0.0966,
    "gamma_Rh": 0.12585,
    "E_mol_O2": -8.70939420623142,
    "E_mol_CO": -14.185520891274944,
    "E_mol_O2_task5": -8.709394206227563,
    "E_mol_CO_task5": -14.185520891275022,
    "entropy_O2": 0.002132925590431212,
    "entropy_CO": 0.002053591781773338,
    "E_combined_Au_O": -82.87546,
    "E_combined_Pt_O": -167.26736,
    "E_combined_Rh_O": -188.95676,
    "E_combined_Au_CO": -93.17067,
    "E_combined_Pt_CO": -177.65529,
    "E_combined_Rh_CO": -198.76025,
    "E_ads_Au_O": -0.31389710311570695,
    "E_ads_Au_CO": 0.15048910872505417,
    "E_ads_Pt_O": 1.0440328968842891,
    "E_ads_Pt_CO": 1.6011391087250786,
    "E_ads_Rh_O": 1.7549628968842796,
    "E_ads_Rh_CO": 1.7276291087250684,
    "E_a_Au": 0.17097760168280418,
    "E_a_Pt": 1.0135516016828103,
    "E_a_Rh": 1.2647776016828043
}