{
    "a0_Au": 4.178,
    "a0_Pt": 3.967,
    "a0_Rh": 3.837,
    "E_bulk_Au": -3.146,
    "E_bulk_Pt": -6.434,
    "E_bulk_Rh": -7.307,
    "surface_area_Au": 68.02680,
    "surface_area_Pt": 61.32923,
    "surface_area_Rh": 57.37553,
    "E_slab_Au": -78.83466,
    "E_slab_Pt": -161.86863,
    "E_slab_Rh": -182.84710,
    "gamma_Au": 0.04489,
    "gamma_Pt": 0.09660,
    "gamma_Rh": 0.12585,
    "E_mol_O2": -8.72755,
    "E_mol_CO": -14.02411,
    "entropy_O2": 0.00213,
    "entropy_CO": 0.00206,
    "E_combined_Au_O": -82.87546,
    "E_combined_Pt_O": -167.26736,
    "E_combined_Rh_O": -188.95676,
    "E_combined_Au_CO": -93.17067,
    "E_combined_Pt_CO": -177.65529,
    "E_combined_Rh_CO": 0
}